"year","pa_raw","pa_se","pos_raw","pos_se","pos_correct","pos_se_correct","delta_fit","delta_var","delta_se","type"
1995,0.90836833709132,0.023719138916488,1.69185972284031,0.0792930691307023,6.74734145380775,0.45740779539841,6.12907133618268,0.19836676510165,0.445383840189167,"delta_WLT"
1996,0.89472172416237,0.0262451615978162,1.80853469879473,0.0777660228438111,7.58148780229461,0.503014002826756,6.78332183818501,0.242318082842043,0.492258146547157,"delta_WLT"
1997,0.89239260888341,0.0265688528312855,1.95431424462471,0.0777120047909942,8.77233562169597,0.581342979501167,7.82836747144614,0.323699707363291,0.568946137488683,"delta_WLT"
1998,0.892064837428588,0.026527042847257,1.9561316443728,0.0777030743282035,8.78829295828254,0.582733564851077,7.83972712910512,0.3248169462084,0.569927141140339,"delta_WLT"
1999,0.92794619482669,0.0193949363257302,1.86984862242165,0.0777940292469136,8.06180493012011,0.535157670016283,7.48092120834001,0.271164715863351,0.5207347845721,"delta_WLT"
2000,0.93376010897016,0.0181147071264314,1.91910280928391,0.0780504961158166,8.46785788780001,0.563819296509296,7.90694790405596,0.300806387348039,0.548458191066592,"delta_WLT"
